Ref,Val,Package,PosX,PosY,Rot,Side
C2,100u,CAPAE660X610N,149.808250,10.176436,180.000000,top
C3,10u,C_1206_3216Metric,165.860000,31.326436,0.000000,top
C4,10u,C_1206_3216Metric,165.820000,19.876436,0.000000,top
C5,1u,C_0603_1608Metric,165.634800,21.778148,0.000000,top
C6,100n,C_0402_1005Metric,171.491221,28.229569,180.000000,top
C7,1u,C_0603_1608Metric,165.629800,29.438148,0.000000,top
C8,100n,C_0402_1005Metric,165.634800,22.973148,0.000000,top
C9,1u,C_0603_1608Metric,163.039800,23.023148,90.000000,top
C10,100n,C_0402_1005Metric,165.634800,28.243148,0.000000,top
C11,100n,C_0402_1005Metric,163.279800,26.778148,90.000000,top
C13,22u,C_0805_2012Metric,159.040000,19.396436,-90.000000,top
C14,22u,C_0805_2012Metric,159.010000,31.836436,-90.000000,top
C15,22u,C_0805_2012Metric,157.070000,19.396436,-90.000000,top
C16,22u,C_0805_2012Metric,157.050000,31.836436,-90.000000,top
C17,100u,CAPAE660X610N,154.710000,42.109436,90.000000,top
C18,22u,C_0805_2012Metric,155.100000,19.396436,-90.000000,top
C19,22u,C_0805_2012Metric,155.080000,31.836436,-90.000000,top
C20,22u,C_0805_2012Metric,153.140000,19.396436,-90.000000,top
C21,22u,C_0805_2012Metric,153.110000,31.836436,-90.000000,top
C22,100n,C_0402_1005Metric,131.310000,21.381436,180.000000,top
C23,22u,C_0805_2012Metric,16.790000,65.696436,-90.000000,top
C24,22u,C_0805_2012Metric,8.500000,79.586436,90.000000,top
C25,100n,C_0402_1005Metric,15.194163,66.836761,90.000000,top
C26,100n,C_0402_1005Metric,15.859600,68.328134,180.000000,top
C27,22u,C_0805_2012Metric,15.160000,79.176436,90.000000,top
C28,8p,C_0402_1005Metric,8.134600,67.248134,180.000000,top
C29,8p,C_0402_1005Metric,9.964600,67.248134,180.000000,top
C30,100n,C_0402_1005Metric,11.339600,66.168134,90.000000,top
C31,100n,C_0402_1005Metric,16.750000,73.556436,180.000000,top
C32,100n,C_0402_1005Metric,13.059600,76.708134,-90.000000,top
C33,100n,C_0402_1005Metric,16.750000,72.636436,180.000000,top
C34,100n,C_0402_1005Metric,11.204600,76.708134,-90.000000,top
C35,100n,C_0402_1005Metric,12.129600,76.708134,-90.000000,top
C36,100n,C_0402_1005Metric,6.829600,73.268134,0.000000,top
C37,100n,C_0402_1005Metric,6.829600,72.338134,0.000000,top
C38,10n,C_0402_1005Metric,4.984600,69.118134,0.000000,top
C39,1u,C_0603_1608Metric,12.539600,65.608134,90.000000,top
C40,100n,C_0402_1005Metric,5.549600,84.358134,180.000000,top
C41,100u,CAPAE660X610N,162.230000,42.109436,90.000000,top
C42,10n,C_0402_1005Metric,167.220000,45.046436,0.000000,top
C43,100n,C_0402_1005Metric,167.220000,45.976436,0.000000,top
C44,100u,CAPAE660X610N,5.900000,46.663436,-90.000000,top
C45,10n,C_0402_1005Metric,22.840000,49.449769,180.000000,top
C46,100n,C_0402_1005Metric,22.840000,48.519769,180.000000,top
C47,100n,C_0402_1005Metric,135.850000,77.146436,0.000000,top
C48,100n,C_0402_1005Metric,135.840000,78.066436,0.000000,top
C49,10n,C_0402_1005Metric,48.920000,11.656436,180.000000,top
C50,22u,C_0805_2012Metric,116.230000,75.906436,0.000000,top
C51,100n,C_0402_1005Metric,130.097500,85.366436,-90.000000,top
C52,100n,C_0402_1005Metric,127.180000,72.786436,90.000000,top
C53,100n,C_0402_1005Metric,129.177500,85.366436,-90.000000,top
C54,100n,C_0402_1005Metric,126.217500,85.371436,-90.000000,top
C55,100n,C_0402_1005Metric,131.390000,72.806436,90.000000,top
C56,100n,C_0402_1005Metric,123.687500,81.476436,0.000000,top
C57,100n,C_0402_1005Metric,123.687500,83.316436,0.000000,top
C58,100n,C_0402_1005Metric,133.800000,73.156436,90.000000,top
C59,100n,C_0402_1005Metric,133.877500,85.366436,-90.000000,top
C60,100n,C_0402_1005Metric,123.687500,82.396436,0.000000,top
C61,100n,C_0402_1005Metric,136.780000,82.366436,180.000000,top
C62,100n,C_0402_1005Metric,123.687500,75.476436,0.000000,top
C63,100n,C_0402_1005Metric,123.687500,76.976436,0.000000,top
C64,100n,C_0402_1005Metric,135.867500,75.474740,180.000000,top
C65,100n,C_0402_1005Metric,135.860000,78.986436,180.000000,top
C66,100n,C_0402_1005Metric,123.680000,78.486436,0.000000,top
C67,100n,C_0402_1005Metric,136.770000,83.286436,180.000000,top
C68,100n,C_0402_1005Metric,128.100000,72.776436,90.000000,top
C69,100n,C_0402_1005Metric,123.620000,80.496436,180.000000,top
C70,100n,C_0402_1005Metric,123.620000,79.486436,180.000000,top
C71,100n,C_0402_1005Metric,128.190000,87.486436,90.000000,top
C72,100n,C_0402_1005Metric,127.220000,87.486436,90.000000,top
C73,100n,C_0402_1005Metric,129.020000,72.786436,-90.000000,top
C74,100n,C_0402_1005Metric,129.940000,72.786436,-90.000000,top
C75,100n,C_0402_1005Metric,136.800000,79.906436,0.000000,top
C76,100n,C_0402_1005Metric,136.800000,80.826436,0.000000,top
C77,100u,CAPAE660X610N,151.290000,59.828186,90.000000,top
C78,10n,C_0402_1005Metric,148.350000,51.056436,180.000000,top
C79,100n,C_0402_1005Metric,148.350000,51.976436,180.000000,top
C80,100u,CAPAE660X610N,128.830000,59.828186,90.000000,top
C81,10n,C_0402_1005Metric,126.000000,50.916436,180.000000,top
C82,100n,C_0402_1005Metric,126.004643,51.836436,180.000000,top
C83,10n,C_0402_1005Metric,56.300000,81.116436,0.000000,top
C84,100n,C_0402_1005Metric,56.310000,80.196436,0.000000,top
C85,22u,C_0805_2012Metric,121.790000,85.556436,90.000000,top
C87,10n,C_0402_1005Metric,86.750000,82.936436,0.000000,top
C88,100n,C_0402_1005Metric,86.750000,82.006436,0.000000,top
C89,100n,C_0402_1005Metric,48.920000,12.586436,180.000000,top
D1,SMBJ12A,DIOM4336X265N,150.130000,4.516436,180.000000,top
D2,LTST-C170KRKT,LED_LTST-C170KGKT_LTO-L,142.114500,2.996436,180.000000,top
D3,LTST-C170KGKT,LED_LTST-C170KGKT_LTO-L,92.580000,2.086436,180.000000,top
D4,LTST-C170KGKT,LED_LTST-C170KGKT_LTO-L,62.219500,2.146436,180.000000,top
D5,LTST-C170KGKT,LED_LTST-C170KGKT_LTO-L,31.215000,2.146436,180.000000,top
FB1,220R,L_0402_1005Metric,18.320000,66.456436,90.000000,top
FB2,220R,L_0402_1005Metric,6.969600,78.838134,-90.000000,top
FB3,220R,L_0402_1005Metric,16.729600,77.938134,90.000000,top
H1,Nylon Standoff M3x11,Mounting_hole 3.2_5.5mm_NO_NET,3.450000,88.966436,0.000000,top
H2,Nylon Standoff M3x11,Mounting_hole 3.2_5.5mm_NO_NET,3.500000,4.076436,0.000000,top
H3,Nylon Standoff M3x11,Mounting_hole 3.2_5.5mm_NO_NET,175.450000,88.726436,0.000000,top
H4,Nylon Standoff M3x11,Mounting_hole 3.2_5.5mm_NO_NET,175.590000,3.746436,0.000000,top
H5,Nylon Standoff M3x11,Mounting_hole 3.2_5.5mm_NO_NET,83.890000,88.586436,0.000000,top
H6,Nylon Standoff M3x11,Mounting_hole 3.2_5.5mm_NO_NET,83.890000,3.786436,0.000000,top
J1,DLL-5566-6A,MINIFIT_5566-06A,161.340000,8.656436,0.000000,top
J3,BWSMA-KWE-Z001,BWSMA-KWE-Z001,52.490000,4.136436,-90.000000,top
J4,BWSMA-KWE-Z001,BWSMA-KWE-Z001,5.010000,55.306436,180.000000,top
J5,X3113WVS-64-9TV01,10061913-111PLF,16.630000,45.326436,-90.000000,top
J6,BWSMA-KWE-Z001,BWSMA-KWE-Z001,5.510000,26.286436,180.000000,top
J7,AS0BC21-S30BM-7H,1-2199230-6 with holes (80 mm),36.580000,8.496436,180.000000,top
J11,X1618WVS-36-9TV30,10061913-110PLF,142.040000,47.816436,-90.000000,top
J12,X1618WVS-36-9TV30,10061913-110PLF,119.692500,47.746436,-90.000000,top
J13,AS0BC21-S30BM-7H,1-2199230-6 with holes (80 mm),99.000000,85.087436,0.000000,top
J14,AS0BC21-S30BM-7H,1-2199230-6 with holes (80 mm),68.520000,85.087436,0.000000,top
J15,X3113WVS-64-9TV01,10061913-111PLF,173.150000,49.256436,90.000000,top
JP1,10K,JP3 shorted with 0R (0603),135.037500,87.456436,90.000000,top
JP2,10K,JP3 shorted with 0R (0603),121.177500,72.746436,90.000000,top
JP3,10K,JP3 shorted with 0R (0603),122.602500,72.746436,90.000000,top
JP4,10K,JP3 shorted with 0R (0603),119.752500,72.746436,90.000000,top
JP5,10K,JP3 shorted with 0R (0603),118.327500,72.746436,90.000000,top
JP6,2K2,JP3 shorted with 0R (0603) 2-3,132.757500,85.916436,-90.000000,top
JP7,2K2,JP3 shorted with 0R (0603) 2-3,124.027500,71.206436,-90.000000,top
JP8,2K2,JP3 shorted with 0R (0603) 2-3,131.347500,85.916436,-90.000000,top
JP12,0K,JP3 shorted with 0R (0603) 2-3,23.360000,5.036436,-90.000000,top
JP13,0K,JP3 shorted with 0R (0603) 2-3,7.370000,37.796436,180.000000,top
JP14,0K,JP3 shorted with 0R (0603) 2-3,166.240000,59.426436,90.000000,top
L1,7443082015A,WE-HCM_1088A,156.310000,25.636436,180.000000,top
L3,2u2,L_1008_2520Metric,116.635000,83.866436,0.000000,top
R3,10K,R_0603_1608Metric,16.825000,76.206436,0.000000,top
R4,56K,R_0603_1608Metric,172.479800,30.478148,-90.000000,top
R5,0R,R_0603_1608Metric,124.799800,12.031436,-90.000000,top
R6,12K1,R_0603_1608Metric,171.019800,30.478148,90.000000,top
R7,10K,R_0603_1608Metric,170.284800,20.918148,0.000000,top
R8,4K32,R_0603_1608Metric,170.284800,23.838148,180.000000,top
R9,182K,R_0603_1608Metric,170.284800,22.378148,180.000000,top
R10,0R,R_0603_1608Metric,126.259800,12.031436,-90.000000,top
R11,220R,R_0603_1608Metric,139.114500,2.986436,0.000000,top
R12,10K,R_0603_1608Metric,169.534800,26.068148,90.000000,top
R13,56K,R_0603_1608Metric,171.009800,26.058148,90.000000,top
R15,75K,R_0603_1608Metric,4.974600,79.038134,0.000000,top
R16,10K,R_0603_1608Metric,4.991496,66.078134,180.000000,top
R17,33K,R_0603_1608Metric,4.974600,77.578134,180.000000,top
R18,10K,R_0603_1608Metric,4.984600,70.568134,180.000000,top
R20,2K2,R_0603_1608Metric,165.520000,84.976436,0.000000,top
R21,2K2,R_0603_1608Metric,165.520000,83.496436,0.000000,top
R22,33R,R_0603_1608Metric,14.004163,65.606761,-90.000000,top
R23,10K,R_0603_1608Metric,17.334600,69.518134,180.000000,top
R24,33R,R_0603_1608Metric,172.531221,23.079569,-90.000000,top
R25,10K,R_0603_1608Metric,17.320000,71.446436,180.000000,top
R26,10K,R_0603_1608Metric,118.740000,77.096436,90.000000,top
R27,10K,R_0603_1608Metric,120.510000,82.246436,90.000000,top
R28,220R,R_0603_1608Metric,27.970000,2.146436,0.000000,top
R29,10K,R_0603_1608Metric,118.940000,81.036436,90.000000,top
R32,2K2,R_0603_1608Metric,125.480000,72.636436,-90.000000,top
R33,12K1,R_0603_1608Metric,125.017500,85.866436,90.000000,top
R34,12K1,R_0603_1608Metric,136.347500,74.144740,0.000000,top
R35,33R,R_0603_1608Metric,44.025000,2.916436,0.000000,top
R36,33R,R_0603_1608Metric,10.450000,27.096436,-90.000000,top
R37,220R,R_0603_1608Metric,89.532000,2.036436,0.000000,top
R38,220R,R_0603_1608Metric,59.045000,2.146436,0.000000,top
SW1,PTS645SK50SMTR92 LFS,PTS645,132.570000,6.266436,-90.000000,top
TP1,Test,5000,112.480000,3.786436,0.000000,top
TP2,Test,5000,112.540000,10.201436,-90.000000,top
TP3,Test,5000,1.890000,63.286436,0.000000,top
TP4,Test,5000,157.280000,49.986436,0.000000,top
TP5,Test,5000,161.180000,49.966436,0.000000,top
TP6,Test,5000,112.540000,86.906436,0.000000,top
U2,TPS54KC23RZRR,RZR0016A-MFG,165.898227,25.573148,-90.000000,top
U4,SN74LVC244APWR,PW20-L,127.800000,17.516436,0.000000,top
U5,TLV75801PDBVR,SOT-23-5,4.980800,81.848134,-90.000000,top
U6,PI6CG18801ZLIEX,QFN40P600X600X90-49N,11.344600,71.468134,90.000000,top
U7,RY3420,RY3420,116.252500,78.195186,180.000000,top
U8,ASM1184E,QFN-64-1EP_9x9mm_P0.5mm_EP5.2x5.2mm,129.740000,79.226436,-90.000000,top
Y1,ECS-250-8-33B2-CTN-TR3,XTAL_TSX-3225_25.0000MF20X-AJ3,9.044600,64.718134,0.000000,top
