{
    "$schema": "https://go.kicad.org/pcm/schemas/v1",
    "name": "Chili.CHIPS Library",
    "description": "This addon contains the Symbols, Footprint, and 3D Models for the Chili.CHIPS projects.",
    "description_full": "This addon contains the Symbols, Footprint, and 3D Models for the Chili.CHIPS projects.",
    "identifier": "xyz.chili-chips.kicad",
    "type": "library",
    "author": {
        "name": "Chili.CHIPS",
        "contact": {
            "web": "https://www.chili-chips.xyz/"
        }
    },
    "maintainer": {
        "name": "Chili.CHIPS",
        "contact": {
            "web": "https://www.chili-chips.xyz/"
        }
    },
    "license": "CC-BY-SA-4.0",
    "resources": {
        "homepage": "https://www.chili-chips.xyz/"
    },
                "versions": [
                    {
                        "download_size": 9117696,
                        "install_size": 59379712,
                        "kicad_version": "9.0",
                        "status": "stable",
                        "version": "1.0.8"
                    }                    
                ]
}
